{
  "format": "remap_former.memorymaze3d.future_write_cutoff_sweep.v1",
  "checkpoint": "D:\\brain_inspired_transformer\\runs\\remap_former\\memorymaze3d_paper_open9_m1b_seed1701\\next_frame\\checkpoint_final.pt",
  "data": "D:\\brain_inspired_transformer\\data\\memorymaze3d_paper_open9_full_v1",
  "split": "test",
  "episodes": 512,
  "context_steps": 20,
  "rollout_steps": 44,
  "pfc_window": 32,
  "cutoffs": [
    16
  ],
  "cutoff_definition": "Number of imagined latent states allowed to write into HPC after the observed context; reads always remain enabled.",
  "persistence_mean_mse_x1e3": 32.185730460351664,
  "headline": {
    "16": {
      "mean_mse_x1e3": 27.156934629051545,
      "early_h1_h16_mse_x1e3": 10.043229661805597,
      "pre_window_h17_h31_mse_x1e3": 31.258814771700823,
      "post_window_mse_x1e3": 43.48701750106662,
      "h32_mse_x1e3": 39.8162299179603,
      "h44_mse_x1e3": 44.40419749425928,
      "improvement_over_persistence": 0.15624302320852695
    }
  },
  "best_overall_cutoff": 16,
  "best_post_window_cutoff": 16,
  "all_vs_zero_first_sustained_crossover_horizon": null,
  "curves_mse_x1e3": {
    "16": [
      1.6023913815672586,
      2.5122276492481888,
      3.5354934709914687,
      4.457723769689892,
      5.523369296156488,
      6.511211733709388,
      7.542116998990878,
      8.413546705924091,
      9.811757512920849,
      10.979450414197345,
      12.270274737829823,
      13.974748931957492,
      15.664125379259985,
      17.487421878172427,
      19.53201731362242,
      20.873797414651563,
      22.285596991082457,
      23.065539486538,
      24.254873091877016,
      25.653213614361903,
      27.81521983285984,
      29.585646344116867,
      31.074332022399176,
      32.00799261651355,
      33.20246694022444,
      33.51927345406125,
      34.69492345902836,
      36.23905278914208,
      37.70129441096515,
      38.53997904411699,
      39.242817478225334,
      39.8162299179603,
      40.53903171006823,
      41.77064271027575,
      43.013300768279805,
      43.201848180160596,
      43.52232148676194,
      43.618689353934315,
      44.54808334162408,
      45.17945932320799,
      45.572340094167885,
      45.213915306248964,
      44.93116782691686,
      44.40419749425928
    ]
  },
  "persistence_curve_mse_x1e3": [
    5.4370383589120825,
    8.56216273556809,
    11.576346622074851,
    14.204141127081016,
    16.329203976232165,
    17.44112245864926,
    18.539458018111077,
    19.135228255855452,
    20.434819583869057,
    21.91583695440613,
    22.973818347736596,
    24.420341421205194,
    26.698172164458356,
    28.06597234123842,
    29.28130598004941,
    30.24209605644046,
    31.116741757443833,
    31.444928092582813,
    31.8401338419676,
    33.13465697297602,
    34.15791245242872,
    34.92644252850141,
    35.37396092701073,
    35.57076401943959,
    36.26267518325221,
    36.967337226940344,
    37.8104117975937,
    38.92495570767096,
    39.62146563696933,
    39.60463687349147,
    39.73180216109995,
    40.36689178042252,
    41.21308124354073,
    41.33945123567173,
    41.77131377150545,
    42.17543711047256,
    42.618953580586094,
    43.106972226610196,
    44.22780241645796,
    44.98764985788739,
    45.51992873848576,
    46.13605800818732,
    45.78794359804306,
    45.174767106345826
  ],
  "future_ground_truth_reads": 0,
  "elapsed_seconds": 2532.6795458999695
}