{
  "format": "remap_former.memorymaze3d.future_write_cutoff_sweep.v1",
  "checkpoint": "D:\\brain_inspired_transformer\\runs\\remap_former\\memorymaze3d_paper_open9_m1b_seed1701\\next_frame\\checkpoint_final.pt",
  "data": "D:\\brain_inspired_transformer\\data\\memorymaze3d_paper_open9_full_v1",
  "split": "val",
  "episodes": 64,
  "context_steps": 20,
  "rollout_steps": 44,
  "pfc_window": 32,
  "cutoffs": [
    0,
    4,
    8,
    16,
    24,
    32,
    44
  ],
  "cutoff_definition": "Number of imagined latent states allowed to write into HPC after the observed context; reads always remain enabled.",
  "persistence_mean_mse_x1e3": 31.67177991326648,
  "headline": {
    "0": {
      "mean_mse_x1e3": 32.577671565837306,
      "early_h1_h16_mse_x1e3": 18.413576398543796,
      "pre_window_h17_h31_mse_x1e3": 38.418559681061495,
      "post_window_mse_x1e3": 43.270917792632154,
      "h32_mse_x1e3": 40.04008861738839,
      "h44_mse_x1e3": 50.414921883202624,
      "improvement_over_persistence": -0.02860248634751874
    },
    "4": {
      "mean_mse_x1e3": 30.41127747518534,
      "early_h1_h16_mse_x1e3": 13.268962955947927,
      "pre_window_h17_h31_mse_x1e3": 37.076946037753565,
      "post_window_mse_x1e3": 43.81835469589882,
      "h32_mse_x1e3": 40.68036533863051,
      "h44_mse_x1e3": 51.15592420042958,
      "improvement_over_persistence": 0.03979891378170222
    },
    "8": {
      "mean_mse_x1e3": 28.865280855484343,
      "early_h1_h16_mse_x1e3": 10.37118120925129,
      "pre_window_h17_h31_mse_x1e3": 35.217794725152395,
      "post_window_mse_x1e3": 44.29742595507727,
      "h32_mse_x1e3": 41.86871387355495,
      "h44_mse_x1e3": 51.79770741233369,
      "improvement_over_persistence": 0.08861197777541287
    },
    "16": {
      "mean_mse_x1e3": 26.166765853852006,
      "early_h1_h16_mse_x1e3": 9.20947187248089,
      "pre_window_h17_h31_mse_x1e3": 30.014454925488586,
      "post_window_mse_x1e3": 42.597640286728094,
      "h32_mse_x1e3": 39.27477222532616,
      "h44_mse_x1e3": 49.15830956451828,
      "improvement_over_persistence": 0.17381448325575694
    },
    "24": {
      "mean_mse_x1e3": 27.62178883320261,
      "early_h1_h16_mse_x1e3": 9.20947187248089,
      "pre_window_h17_h31_mse_x1e3": 30.643582523043733,
      "post_window_mse_x1e3": 46.7964169888896,
      "h32_mse_x1e3": 40.62576937576523,
      "h44_mse_x1e3": 57.992810898213065,
      "improvement_over_persistence": 0.12787380725538045
    },
    "32": {
      "mean_mse_x1e3": 29.942680718694316,
      "early_h1_h16_mse_x1e3": 9.20947187248089,
      "pre_window_h17_h31_mse_x1e3": 32.439387506262086,
      "post_window_mse_x1e3": 52.57966069760956,
      "h32_mse_x1e3": 50.424700435542036,
      "h44_mse_x1e3": 60.31573008658597,
      "improvement_over_persistence": 0.05459431706419161
    },
    "44": {
      "mean_mse_x1e3": 31.07799822728132,
      "early_h1_h16_mse_x1e3": 9.20947187248089,
      "pre_window_h17_h31_mse_x1e3": 32.439387506262086,
      "post_window_mse_x1e3": 56.422273803596354,
      "h32_mse_x1e3": 50.424700435542036,
      "h44_mse_x1e3": 68.37348879344063,
      "improvement_over_persistence": 0.01874797335707803
    }
  },
  "best_overall_cutoff": 16,
  "best_post_window_cutoff": 16,
  "all_vs_zero_first_sustained_crossover_horizon": 29,
  "curves_mse_x1e3": {
    "0": [
      1.692061358198771,
      2.9762303729512496,
      4.735886533580924,
      6.638486500833096,
      9.015727240694105,
      12.802855499103316,
      14.095954549702583,
      17.78539219958475,
      21.728094427089673,
      24.905573303840356,
      25.954282158636488,
      26.66148269054247,
      27.60772361943964,
      30.415591685596155,
      32.9271942973719,
      34.674685939535266,
      35.56487488458515,
      35.724615925573744,
      35.839705287799006,
      37.08406391160679,
      37.9429966378666,
      37.821778998477384,
      38.36350557321566,
      39.98888096612063,
      39.05018722798559,
      38.35304248786997,
      38.96226229335298,
      41.129616474790964,
      40.48634944410878,
      40.30258446800872,
      39.66393063456053,
      40.04008861738839,
      41.95319763675798,
      42.16982359503163,
      41.011070723470766,
      39.28274671125109,
      38.92933410679689,
      39.87835741281742,
      42.75185729784425,
      44.590400902961846,
      45.58936230750987,
      47.22337389102904,
      48.68739621815621,
      50.414921883202624
    ],
    "4": [
      1.692061358198771,
      2.5840363532552146,
      3.353649259679514,
      4.535864033869075,
      5.088078205972124,
      5.487013715537614,
      6.330718879326014,
      8.284789671961335,
      11.726682325388538,
      15.848298524360871,
      19.041660245420644,
      20.548627220705384,
      21.86158378754044,
      25.025943068612833,
      28.986724941205466,
      31.907675704133,
      32.62420495047991,
      33.52997967158444,
      34.03877140226541,
      35.77827481967688,
      36.376016127178445,
      36.18801195625565,
      36.921143902873155,
      39.01552403476671,
      38.32649579271674,
      37.83810673849075,
      38.23384877250646,
      39.83663549661287,
      39.42436373108649,
      39.21062100926065,
      38.812192160548875,
      40.68036533863051,
      43.1224013082101,
      42.63742169860052,
      40.97676690071239,
      38.96108371191076,
      38.92710608852212,
      40.338715916732326,
      42.97720902468427,
      44.91216399037512,
      46.35496462287847,
      48.62660337676061,
      49.96788486823789,
      51.15592420042958
    ],
    "8": [
      1.692061358198771,
      2.5840363532552146,
      3.353649259679514,
      4.535864033869075,
      5.088078205972124,
      5.363403971387015,
      5.62623737823742,
      6.187909874824982,
      7.691566033827257,
      8.889886465112795,
      12.46600416743604,
      15.153623178775888,
      16.924311032198602,
      19.805234842351638,
      23.79587941322825,
      26.781153779666056,
      27.94615945276746,
      28.627134575799573,
      29.572961742815096,
      31.77132050768705,
      32.57112915161997,
      33.142402422527084,
      34.664693324884865,
      37.427829221996944,
      37.61601604128373,
      37.39564125135075,
      37.9285966992029,
      39.73071893778979,
      39.715288708976004,
      40.210139952250756,
      39.94688888633391,
      41.86871387355495,
      44.20897209638497,
      43.48953054432059,
      41.87498238752596,
      39.557790114486124,
      39.004548321827315,
      40.11006319342414,
      43.015910414396785,
      45.32522452791454,
      46.57847161433892,
      48.76800008059945,
      50.266622834897134,
      51.79770741233369
    ],
    "16": [
      1.692061358198771,
      2.5840363532552146,
      3.353649259679514,
      4.535864033869075,
      5.088078205972124,
      5.363403971387015,
      5.62623737823742,
      6.187909874824982,
      7.691566033827257,
      9.009557485114783,
      11.24736740712251,
      13.988999513458111,
      15.874615609391185,
      16.864245378201304,
      18.29718052977114,
      19.946777567383833,
      21.6764255274029,
      22.665184129436966,
      23.265808209544048,
      26.051498476590496,
      25.961901341361227,
      27.016277025722957,
      28.64804829005152,
      30.865625558362808,
      30.731965769518865,
      30.987728732725373,
      33.003343998643686,
      35.79641993201221,
      37.50961350669968,
      38.26194766224944,
      37.77503572200658,
      39.27477222532616,
      41.31099583173636,
      40.8860762254335,
      40.05592858811724,
      38.883390992850764,
      38.52702127187513,
      39.428961692465236,
      42.32374827552121,
      44.410787588276435,
      44.861906026198994,
      46.83795402524993,
      47.809471419896,
      49.15830956451828
    ],