{
  "format": "remap_former.memorymaze3d.neural_write_gate_evaluation.v1",
  "checkpoint": "D:\\brain_inspired_transformer\\runs\\remap_former\\memorymaze3d_paper_open9_m1b_seed1701\\next_frame\\checkpoint_final.pt",
  "checkpoint_sha256": "d4c8c9857168d3190c4ec5cbcba85acd89f82d1f9cb923db61925e1b42b23291",
  "gate_checkpoint": "D:\\brain_inspired_transformer\\runs\\remap_former\\memorymaze3d_write_gate_pixel_rank005_init07_h44_b2_u20_lr3e3_seed1702\\checkpoint_final.pt",
  "data": "D:\\brain_inspired_transformer\\data\\memorymaze3d_paper_open9_full_v1",
  "split": "test",
  "episodes": 512,
  "context_steps": 20,
  "rollout_steps": 44,
  "pfc_window": 32,
  "fixed_cutoff": 16,
  "hard_thresholds": [
    0.67
  ],
  "headline": {
    "full": {
      "mean_mse_x1e3": 29.933430156151275,
      "early_h1_h16_mse_x1e3": 10.043458671816552,
      "post_window_mse_x1e3": 51.71788058046681,
      "h32_mse_x1e3": 42.08185290917754,
      "h44_mse_x1e3": 57.266588672064245
    },
    "k0": {
      "mean_mse_x1e3": 33.434820518778,
      "early_h1_h16_mse_x1e3": 18.73445158867071,
      "post_window_mse_x1e3": 44.61524178399346,
      "h32_mse_x1e3": 42.63384541263804,
      "h44_mse_x1e3": 43.703294708393514
    },
    "k16": {
      "mean_mse_x1e3": 27.157327735949366,
      "early_h1_h16_mse_x1e3": 10.043458671816552,
      "post_window_mse_x1e3": 43.487567879940165,
      "h32_mse_x1e3": 39.816841133870184,
      "h44_mse_x1e3": 44.40456174779683
    },
    "learned_soft": {
      "mean_mse_x1e3": 29.69070393216746,
      "early_h1_h16_mse_x1e3": 10.900211346097421,
      "post_window_mse_x1e3": 47.92593161647137,
      "h32_mse_x1e3": 42.440761637408286,
      "h44_mse_x1e3": 50.85027223685756
    },
    "learned_hard_t0.67": {
      "mean_mse_x1e3": 27.173917284430484,
      "early_h1_h16_mse_x1e3": 10.016572020276726,
      "post_window_mse_x1e3": 43.68205133001678,
      "h32_mse_x1e3": 39.67777197249234,
      "h44_mse_x1e3": 44.563815579749644
    }
  },
  "learned_soft_improvement_over_full": 0.008108867667941923,
  "learned_soft_gap_to_fixed_cutoff": 0.09328517963365561,
  "gate_probability_curves": {
    "learned_soft": [
      0.7416271232068539,
      0.7298842612653971,
      0.7186413574963808,
      0.7089923601597548,
      0.7010730374604464,
      0.6945691984146833,
      0.688818858936429,
      0.6845098547637463,
      0.6806337088346481,
      0.6774069592356682,
      0.674825806170702,
      0.6729595828801394,
      0.6714895833283663,
      0.6700084432959557,
      0.6691340729594231,
      0.6683996766805649,
      0.6678355112671852,
      0.6670313272625208,
      0.6665809024125338,
      0.666406998410821,
      0.6660622358322144,
      0.6657382026314735,
      0.6656232215464115,
      0.6654906440526247,
      0.6653887238353491,
      0.6651682164520025,
      0.6651012413203716,
      0.6651580147445202,
      0.6651143860071898,
      0.664957107976079,
      0.6649514306336641,
      0.6648189350962639,
      0.6648968234658241,
      0.6648715678602457,
      0.6646949946880341,
      0.6647575721144676,
      0.6648746784776449,
      0.664897546172142,
      0.664858054369688,
      0.6648661568760872,
      0.6648825872689486,
      0.6647939402610064,
      0.6647914312779903,
      0.664929585531354
    ],
    "learned_hard_t0.67": [
      0.7416271232068539,
      0.7296491339802742,
      0.7184394542127848,
      0.7088147960603237,
      0.700917424634099,
      0.6944513916969299,
      0.6887362115085125,
      0.6844715923070908,
      0.6806349270045757,
      0.6774203777313232,
      0.6748674120754004,
      0.6730375420302153,
      0.6716165523976088,
      0.670268103480339,
      0.6696167010813951,
      0.668880982324481,
      0.6683761812746525,
      0.6675040815025568,
      0.66707868501544,
      0.6667941436171532,
      0.6662982366979122,
      0.6658002156764269,
      0.6655553374439478,
      0.665291266515851,
      0.665039898827672,
      0.6646916028112173,
      0.6644993983209133,
      0.6644228454679251,
      0.6642923150211573,
      0.6640727780759335,
      0.6640276182442904,
      0.6638667564839125,
      0.6639172956347466,
      0.6638241801410913,
      0.6635920479893684,
      0.6636032946407795,
      0.6637418903410435,
      0.6637248359620571,
      0.6636828519403934,
      0.6637029852718115,
      0.663723923265934,
      0.6635743137449026,
      0.6635629888623953,
      0.6637057531625032
    ]
  },
  "effective_gate_curves": {
    "learned_soft": [
      0.7416271232068539,
      0.7298842612653971,
      0.7186413574963808,
      0.7089923601597548,
      0.7010730374604464,
      0.6945691984146833,
      0.688818858936429,
      0.6845098547637463,
      0.6806337088346481,
      0.6774069592356682,
      0.674825806170702,
      0.6729595828801394,
      0.6714895833283663,
      0.6700084432959557,
      0.6691340729594231,
      0.6683996766805649,
      0.6678355112671852,
      0.6670313272625208,
      0.6665809024125338,
      0.666406998410821,
      0.6660622358322144,
      0.6657382026314735,
      0.6656232215464115,
      0.6654906440526247,
      0.6653887238353491,
      0.6651682164520025,
      0.6651012413203716,
      0.6651580147445202,
      0.6651143860071898,
      0.664957107976079,
      0.6649514306336641,
      0.6648189350962639,
      0.6648968234658241,
      0.6648715678602457,
      0.6646949946880341,
      0.6647575721144676,
      0.6648746784776449,
      0.664897546172142,
      0.664858054369688,
      0.6648661568760872,
      0.6648825872689486,
      0.6647939402610064,
      0.6647914312779903,
      0.664929585531354
    ],
    "learned_hard_t0.67": [
      1.0,
      1.0,
      1.0,
      1.0,
      1.0,
      1.0,
      1.0,
      1.0,
      1.0,
      1.0,
      0.994140625,
      0.935546875,
      0.771484375,
      0.494140625,
      0.412109375,
      0.306640625,
      0.251953125,
      0.125,
      0.09765625,
      0.091796875,
      0.05859375,
      0.02734375,
      0.017578125,
      0.021484375,
      0.01953125,
      0.005859375,
      0.009765625,
      0.005859375,
      0.009765625,
      0.0,
      0.001953125,
      0.001953125,
      0.00390625,
      0.001953125,
      0.0,
      0.0,
      0.0,
      0.0,
      0.0,
      0.005859375,
      0.00390625,
      0.0,
      0.001953125,
      0.001953125
    ]
  },
  "error_curves_mse_x1e3": {
    "full": [
      1.6023728421714623,
      2.5122284423559904,
      3.5355000363779254,
      4.45779827714432,
      5.52356788830366,
      6.511535248137079,
      7.542430481407791,
      8.413690404267982,
      9.811965443077497,
      10.979558734106831,
      12.270549457753077,
      13.975213107187301,
      15.66462557821069,
      17.487778575741686,
      19.53228600905277,
      20.87423822376877,
      22.286062448984012,
      23.243428382556885,
      24.535646982258186,
      26.226056361338124,
      28.78534802584909,
      30.760918132727966,
      32.244197791442275,
      33.68093736935407,
      34.55744939856231,
      35.07617360446602,
      35.82725545857102,
      37.27593773510307,
      39.17389048729092,
      39.99675577506423,
      40.37308262195438,
      42.08185290917754,
      43.84073335677385,
      46.24526237603277,
      48.296531778760254,
      49.79770787758753,
      51.03188881184906,
      52.33257880900055,
      54.00379770435393,
      55.87777786422521,
      57.15657479595393,
      57.29506106581539,
      57.10609152447432,
      57.266588672064245
    ],